AWhitelistFounderDeveloper(address,bool)
AWhitelistMember(address,bool)
AddBlackList(address[])
AddBlacklist(address)
AddToBlacklist(address)
AddToWhitelist(address)
AddWhiteList(address[])
AddWhitelist(address)
Addblacklist(address,uint256)
AddrCommunityDistribute()
Address_Whitelisted(address)
AmountToDistribute()
AsetWhitelistedPropertyValue(address,bytes32,uint256)
AwhitelistAdministrator(address,bool)
AwhitelistBurnRequest(address,bool,bytes32)
AwhitelistCEVA(address,bool)
AwhitelistMintRequest(address,bool,bytes32)
AwhitelistProperty(address,bool,bytes32)
BLACKLISTED_ADDRESSES()
BLACKLISTED_ROLE()
BLACKLISTER_ROLE()
BLACKLIST_EFFECTIVE_DURATION()
BLACKLIST_LOCK_DAYS()
BLACKLIST_MANAGER_ROLE()
BLACKLIST_ROLE()
BlackList(address)
Blacklist(address)
Blacklist(uint256)
BlacklistBot(address)
BlacklistBots(address,uint256)
BlacklistParticipant(address)
Blacklisted(address)
BotBlacklist(address)
CAN_SET_WHITELISTED()
CalculateDistributeProfitsOBELIX(address)
CalculateDistributeProfitsOBELIXFarmer(address)
CheckWhitelistStatus(address)
DISTRIBUTE_DATE()
DISTRIBUTION()
DISTRIBUTION_ADDRESS()
DISTRIBUTION_AGGREGATION_PERIOD()
DISTRIBUTION_COMMUNITY()
DISTRIBUTION_CONTRACT()
DISTRIBUTION_END()
DISTRIBUTION_INVESTORS()
DISTRIBUTION_RESERVE_PERCENT()
DISTRIBUTION_SUPPLY()
DISTRIBUTION_TEAM()
DISTRIBUTOR_CONFIG_ID()
DISTRIBUTOR_ROLE()
DelBlackList(address[])
DelWhiteList(address[])
DeleteFromBlacklist(address)
Distribute(address[],uint256[])
DistributeAirdrop(address,uint256)
DistributeAirdropMultiple(address[],uint256)
DistributeBuybacks()
DistributeMaximusFounder()
DistributeProfitSenateCouncil()
DistributeProfitsOBELIX()
DistributeProfitsOBELIXFarmer()
DistributeProfitsOBELIXFund()
DistributeToken(address,uint256)
DistributeToken(address,uint256,uint256,uint8)
DistributeToken(address[],uint256[])
Distributed()
DistributedSoFar()
DistributionSale()
DistributionTokensSent()
Distributor()
ERROR_NOT_WHITELISTED()
ERROR_NOT_WHITELISTED_CODE()
EnableDistribution()
EnableProfitDistribution()
FAILURE_BLACKLIST()
FAILURE_BLACKLIST_MESSAGE()
FAILURE_NON_WHITELIST()
FAILURE_NON_WHITELIST_MESSAGE()
FAILURE_WHITELIST_TRANSFER_LIMIT()
FAILURE_WHITELIST_TRANSFER_LIMIT_MESSAGE()
FTPBlackList(address)
FTPWhiteList(address)
IS_BLACKLISTED()
InitWhitelist()
IsBlacklisted(address)
IsWhiteListContract(address)
IsWhitelisted(address)
MARKET_WHITELIST_BASE_AMT()
MARKET_WHITELIST_TOKEN()
MARKET_WHITELIST_TOKEN_BP()
MAX_DISTRIBUTION_DURATION()
MAX_PREMIUM_DISTRIBUTION_EPOCHS()
MAX_WHITELISTED_COUNT()
MakeWhitelist(address)
OWN_DistributeTokenAdmin_Multi(address[],uint256,bool)
OwnerfeeDistributor()
PREMIUM_DISTRIBUTION_EPOCH()
REWARDS_DISTRIBUTOR()
ROLE_PARTNERWHITELIST()
ROLE_PRIVATESALEWHITELIST()
ROLE_WHITELISTED()
RemoveBlacklist(address)
RemoveFromBlackList(address)
RemoveFromBlacklist(address)
RemoveFromWhitelist(address)
SnapshotAndDistributePot()
StartDistribution()
StartFuseaNetworkDistribution()
StartXeriumNetworkDistribution()
StopFuseaNetworkDistribution()
StopXeriumNetworkDistribution()
TAPwhiteListed(address)
UnWhiteList(address)
UpdateEnableProfitDistribution(bool)
WHITELIST()
WHITELISTED()
WHITELISTED_FROM_ROLE()
WHITELISTED_MSG_SENDER_ROLE()
WHITELISTED_ROLE()
WHITELISTER_ROLE()
WHITELIST_FROM_ROLE()
WHITELIST_MANAGER_ROLE()
WHITELIST_PERIOD()
WHITELIST_PROXY_ADDRESS()
WHITELIST_ROLE()
WHITELIST_TO_ROLE()
WHITELIST_TRANSFER_ROLE()
WhiteList(address)
WhiteListAddresses(uint256)
WhiteListCaller(address,bytes4)
WhiteListedCaller(address,bytes4)
Whitelist(address)
WhitelistAddressdisable(address)
WhitelistAddressenable(address)
WhitelistAddressisListed(address)
WhitelistParticipant(address)
Whitelisted(address)
WhitelistedAddress()
_BlackListAddress()
_BlackListBot()
_TOTAL_BLOCK_DISTRIBUTION_()
__WhitelistRole_init()
_addWhitelistedContract(address)
_blackListDapp(address)
_blacklist(address)
_blacklisted(address)
_burnWhitelist(address)
_distribute()
_distributePenaltyEarning()
_distributeRewards(address,uint256)
_distributionEraComplete()
_distributionSupply()
_distributor()
_feeToDistribute()
_getBlackListStatus(address)
_initialDistribution()
_initialDistributionTimestamp()
_insertWhitelist(address[])
_isBlackListAddress()
_isBlackListBot()
_isBlackListedBot()
_isBlackListedBots()
_isBlackListedSniper()
_isWhitelistedContract(address)
_lastDistribution()
_lgeWhitelistRounds(uint256)
_mBlacklistAddress()
_removeWhitelistedContract(address)
_setUndistributedAddress(address)
_shipBlacklistAddress()
_spaceBlacklistAddress()
_tradingBlacklistAddress()
_updateWhitelist(address,address)
_whiteList(address)
_whiteListDapp(address)
_whitelist(address)
_whitelistedAddress(address)
_whitelistedAddresses(address)
_whitelister()
activateWhitelist()
activateWhitelist(bool)
add1stWhiteList(address)
add2ndWhiteList(address)
addAccountsToWhitelist(address[])
addAddWhitelistPermission(address)
addAddressToBlacklist(address)
addAddressToPartnerWhiteList(address,uint256)
addAddressToPrivateWhiteList(address,uint256)
addAddressToWhiteList(address)
addAddressToWhitelist(address)
addAddressesToBlacklist(address[])
addAddressesToWhitelist(address[])
addBatchWhitelist(address[])
addBlackList(address)
addBlackListAddress(address)
addBlackListed(address)
addBlackLister(address)
addBlackLists(address[])
addBlacklist(address)
addBlacklist(address[])
addBlacklistAddress(address)
addBlacklistAddressSimple(address[])
addBlacklistAdmin(address)
addBlacklistItem(address)
addBlacklisted(address)
addBlacklisted(address[])
addBlacklistedUser(address)
addBlacklister(address)
addBotToBlackList(address)
addBotToBlacklist(address)
addBulkWhitelist(address[])
addBurnWhitelist(address)
addCallSpenderWhitelist(address)
addContractToTokenFallbackWhiteList(address)
addDistributionAddresses(address,uint256)
addDistributionContract(address)
addDistributor(address)
addInvestorToWhiteList(address,bool,bool,bool)
addInvestorToWhiteListAndMint(address,uint256,bool,bool,bool)
addInvestorsToWhiteList(address[],bool[],bool[],bool[])
addListToBlacklist(address[])
addListToWhiteList(address[])
addListToWhitelist(address[])
addManyToBlacklist(address[])
addManyToPresaleWhitelist(address[])
addManyToWhitelist(address[])
addOrRemoveBlackList(address,bool)
addOrRemoveDistributionWallet(address,bool)
addPermBalanceToWhitelist(address,uint256)
addPresaleWhitelist(address)
addPresaleWhitelist(address,uint256)
addPublicFundingWhiteList(address[])
addReceiveWhiteListAddress(address)
addReceiverBurnWhitelist(address)
addRecipientToWhitelist(address)
addReentrancyWhitelist(address)
addRemoveWhitelistPermission(address)
addSenderBurnWhitelist(address)
addSenderToWhitelist(address)
addSniperToBlackList(address)
addSniperToBlacklist(address,uint256)
addSnipertoblacklist(address,uint256)
addTaxWhiteList(address)
addToBlackList(address)
addToBlacklist(address)
addToBlacklist(address,uint256)
addToBlacklist(address[])
addToBlacklistMulti(address[])
addToCommunitySaleWhitelist(address[])
addToLockWhitelist(address)
addToMintWhitelist(address)
addToPoolWhiteList(address[])
addToPreSaleWhitelist(address)
addToPresaleWhitelist(address)
addToTaxWhiteList(address)
addToTransferBlacklist(address)
addToTransferFromBlacklist(address)
addToTransferWhiteList(address)
addToTransferWhitelist(address)
addToTransferWhitelist(bool,address)
addToWhiteList(address)
addToWhiteList(address[])
addToWhiteList(address[],uint256[])
addToWhiteList(uint256,address)
addToWhitelist(address)
addToWhitelist(address,bytes32)
addToWhitelist(address,uint256)
addToWhitelist(address,uint8)
addToWhitelist(address[])
addToWhitelist(address[],uint8)
addToWhitelist(uint8,address)
addToWhitelistArray(address[])
addToWhitelistBatch(address[])
addToWhitelistBulk(address[])
addToWhitelistExternal(address,uint256,uint256)
addToWhitelistInBulk(address[])
addToWhitelistMulti(address[])
addToWhitelistMultiple(address[])
addTransferAndCallWhitelist(address)
addTransferWhiteList(address)
addTransferWhiteListAddress(address)
addUserIntoBlacklist(address)
addWhiteList(address)
addWhiteList(uint8,address,uint256)
addWhiteListAddress(address)
addWhiteListContract(address,bool)
addWhiteListMulti(address[])
addWhiteListTransfer(address)
addWhiteListed(address)
addWhiteListedContracts(address)
addWhiteListedInBulk(address[])
addWhitelist(address)
addWhitelist(address,bool)
addWhitelist(address,uint256)
addWhitelist(address[])
addWhitelistAddress(address)
addWhitelistAddress(address,uint256)
addWhitelistAddress(address[])
addWhitelistAddresses(address[])
addWhitelistAdmin(address)
addWhitelistCfo(address)
addWhitelistFrom(address)
addWhitelistMember(address[],uint256[])
addWhitelistMultiple(address[])
addWhitelistPermission(address)
addWhitelistTo(address)
addWhitelistTransfer(address,string)
addWhitelisted()
addWhitelisted(address)
addWhitelisted(address,string)
addWhitelisted(address[])
addWhitelistedAddress(address)
addWhitelistedBurn(address)
addWhitelistedSender(address)
addWhitelistedTransfer(address)
addWhitelistedTransfer(address[])
addWhitelister(address)
addWhitelists(address[],uint256[])
addZeroWhiteList(address)
addblackList(address)
addblacklist(address)
addedWhiteListAddressesLog()
addrDistribution()
addressBlacklist(address)
addressBlacklists(address)
addressIsWhitelisted(address)
addressWhiteList(uint256)
addressWhitelists(address)
addtoblacklist(address)
addwhitelist(address)
adjustBlacklistTxFees(uint256,uint256)
adminDistribute(uint256)
adminUpdateWhiteList(address,bool)
adminWhiteList(address,bool)
adminWhitelistAdministrator(address,bool)
adminWhitelistCEVA(address,bool)
advisorsRewardDistributionAddress()
afterSTEDistributed()
airDropBlacklist(address)
airdropDistribute(address[],uint256)
airdropDistribute(address[],uint256[])
allowTransferWhitelist()
allowWhitelistRegistration()
allowWhitelistedAccountsOnly(bool)
amIWhitelisted()
approveBlacklistedAddressSpender(address)
areTokensDistributedForAddress(address)
autoDistribute()
autoWhitelistTo(address)
batchAddWhitelisted(address[])
batchAddWhitelistedTransfer(address[])
batchApproveWhitelist(address[])
batchBlacklistAddresses(address[])
batchDistributeReward(address[],uint256[],uint256)
batchDistributeToken(address[],uint256[])
batchToggleWhitelist(address[],bool)
batchWhitelistAddresses(address[])
betaDelegateWhitelister()
blackList()
blackList(address)
blackListAccessorAddress()
blackListAdd(address)
blackListAddress(address,bool)
blackListFreezeTime()
blackListRemove(address)
blackListSellTxFee()
blackListToken(uint256)
blackListTxFee()
blackListUser(address)
blackListUser(address,bool)
blackListed(address)
blackListedToken(uint256)
blackListedUser(address)
blackLister()
blackLists(address)
blacklist()
blacklist(address)
blacklist(address,uint256)
blacklist(address[])
blacklist(uint256)
blacklistAccount(address)
blacklistAccount(address,bool)
blacklistAdd(address)
blacklistAddress(address)
blacklistAddresses(address)
blacklistAddresses(address[])
blacklistAddresses(bool,address)
blacklistAddresses(uint256)
blacklistAdress(address,bool)
blacklistBot(address)
blacklistController()
blacklistInvestor(address)
blacklistLottery(address)
blacklistManager()
blacklistMany(address[])
blacklistMultipleWallets(address[])
blacklistOf(address)
blacklistRecoverableToken(address)
blacklistRemove(address)
blacklistSingleWallet(address)
blacklistStake(bool,uint256)
blacklistStore()
blacklistSwitch()
blacklistTarget(address)
blacklistUnlocked()
blacklistUpdate(address,bool)
blacklistUser(address)
blacklistUserForTransfers(address)
blacklistable()
blacklisted()
blacklisted(address)
blacklistedAddr(address)
blacklistedAddress(address)
blacklisteds(uint256)
blacklister()
blacklisting()
blacklisting(address)
blacklists(address)
blockNumberOfDistributionEnding()
bonusDistributionAddress()
bountyDistributorAddress()
bountyManagerDistributionContract()
bountyTokensNotDistributed()
bovBatchDistributed()
bulkIssueWhitelistAndTimelock(address,address[],uint256[],uint256[])
burnBlackListAmount(address,uint256)
burnBlacklistToken(address,uint256)
burnBlacklisted(address,uint256)
burnBlacklistedFunds(address)
burnDistributorTokensAndUnlock()
burnReceiverWhitelist(address)
burnSenderWhitelist(address)
burnUndistributed()
buyWhitelist()
calcInstantaneousDistributionAmount()
calculateDistributedAmount(uint256,uint256,uint256)
calculateTheRewardOfDirectWhitelistRegistration(address)
calculateUnclaimedDistributions(address)
callSpenderWhitelist(address)
callbackInsertApproveAndDistribute(uint256,address[],uint256[])
canBurnWhiteList()
canBurnWhiteList(address)
canFeeWhitelist()
canReceiveMintWhiteList()
canReceiveMintWhitelist()
canRedistributeLapsedAccount(address)
canRedistributeUnclaimedIn(uint256)
canWhitelist()
cevaWhitelistBurnRequest(address,bool,bytes32)
cevaWhitelistFounderDeveloper(address,bool)
cevaWhitelistMintRequest(address,bool,bytes32)
cevaWhitelistProperty(address,bool,bytes32)
changeBlackListAccessorAddress(address)
changeBlacklist(address,bool)
changeBlacklist(address,uint256)
changeBonusDistributionAddress(address)
changeDistributor(address)
changeDividendPoolDistributeRate(uint256)
changeRegistrationStatusForGoldWhiteList(address,bool)
changeRegistrationStatusForSilverWhiteList(address,bool)
changeRewardsDistributor(address)
changeTotalDistributed(uint256)
changeVestingWhitelister(address)
changeWhitelist(address)
changeWhitelist(bool)
changeWhitelistContract(address)
changeWhitelistForBurn(address)
changeWhitelistManager(address)
changeWhitelistManagerAddressAddress(address)
changeWhitelistStatus(address,bool)
changeWhitelistedContract(address)
changeWhitelistingStatus()
checkAndDistributeBal()
checkBlacklist(address)
checkBlacklistAllowed(address,address)
checkIfAddressIsWhitelisted(address)
checkMyUndistributedBalance(uint256)
checkUserWhiteList(address)
checkWhiteList(address)
checkWhiteListed(address)
checkWhitelist()
checkWhitelist(address)
checkWhitelistAllowed(address,address)
checkWhitelistEnabled()
checkWhitelisted(address)
checkWhitelists(address,address)
claimDistributions(address)
claimDistributions(address,uint256)
claimDistributions(address[])
claimDistributions(address[],uint256)
claimWhitelistAdmin()
clearJackpotParticipantsAfterDistribution()
closeBlacklistSwitch()
closeDistribution()
closeDistribution(bool)
cofoundersSupplyDistributed()
communitySaleWhitelist(uint256)
completeBountyDistribution()
componentWhiteList()
componentWhiteListAddress()
confirmBlacklist(address)
confirmWhitelist(address)
confirmWhitelistContract()
continueDistribution(uint256)
contractsWhiteList(address)
createDistribution()
createLGEWhitelist(address,uint256[],uint256[])
crossForkDistribution()
crowdDistribution()
crvWhitelisted()
currentDistributionAmount()
currentProfitsDistributed()
dailyDistribution()
deBlacklist(address)
deBlacklistAddress(address)
deWhiteListCaller(address,bytes4)
deWhitelist(address)
deWhitelistAddress(address)
deactivateWhitelist()
debaseWhitelist(address)
delBlackLIst(address)
delBlackList(address)
delBlacklist(address)
delBlacklisted(address)
delFromBlackList(address)
delFromWhiteList(address)
delTransferWhiteList(address)
delWhiteList(address)
delWhitelist(address)
delWhitelisted(address)
delayWhitelist()
delegateWhitelist(address)
deleteFromBlackList(address)
deleteFromBlacklist(address)
deleteWhitelist(address)
deletefromblacklist(address)
depositWithWhitelist(uint256,address,uint256,bytes32[],uint256,uint256)
deprecatedDeleteWhitelist(address)
destroyBlacklistedTokens(address,uint256)
destroyWhitelist()
devDistributed()
devLockFirstDistributed()
devLockSecondDistributed()
devLockThirdDistributed()
dewhitelist(address)
disableBlacklist()
disableBlacklist(address[])
disableCtSaleWhitelistRegistration()
disableSktSaleWhitelistRegistration()
disableTGSaleWhitelistRegistration()
disableTokenSaleWhitelistRegistration()
disableTransferWhitelist()
disableVokenSaleWhitelistRegistration()
disableWesionSaleWhitelistRegistration()
disableWhitelist()
disableWhitelist(address[])
disableWhitelist(uint8)
disableWhitelistLimit()
displayBlacklist(address)
distributable()
distribute()
distribute(address)
distribute(address,address)
distribute(address,address,address)
distribute(address,uint256)
distribute(address,uint256,bool)
distribute(address,uint256,uint256)
distribute(address,uint256,uint256,address[],uint256[])
distribute(address,uint256,uint256,uint256)
distribute(address,uint256,uint256,uint256,uint256,uint256)
distribute(address,uint256,uint256,uint256,uint256,uint256,uint256)
distribute(address,uint256,uint256[])
distribute(address,uint256,uint256[],uint256[])
distribute(address,uint256,uint32,uint32,uint32,uint32,uint32)
distribute(address,uint8)
distribute(address[])
distribute(address[],uint256)
distribute(address[],uint256[])
distribute(address[],uint256[],bool)
distribute(address[],uint256[],uint256)
distribute(int256)
distribute(uint256)
distribute(uint256,address)
distribute(uint256,address[],bool)
distribute(uint256,uint256)
distribute(uint256,uint256,uint256)
distribute10MT(address[])
distribute10MTI(address[])
distribute1BTCO(address[])
distribute21ST(address[],uint256)
distribute55M(address[])
distributeA()
distributeAIC(address[],uint256)
distributeALLY(address[],uint256,uint256)
distributeANT(address[],uint256,uint256)
distributeAUM(uint256)
distributeAdviserBounty(address,uint256,bool)
distributeAirdrop(address[],uint256)
distributeAirdrop(address[],uint256,bool)
distributeAirdrop(address[],uint256[])
distributeAirdropMulti(address[],uint256[])
distributeAirdropMultiPresale(address[],uint256[],uint256[])
distributeAirdropMultipleInvestors(address[],uint256)
distributeAirdrops(address[],uint256[],bool)
distributeAllTokens()
distributeAmount()
distributeAmount(address[],uint256)
distributeAmounts(address[],uint256[])
distributeBTCB(uint256,address[])
distributeBTCG(uint256,address[])
distributeBTR(address[])
distributeBatch(address[],uint256[])
distributeBonusTokens(address,uint256)
distributeBounty(address,uint256)
distributeBountyTokens(address[],uint256[])
distributeCBC(address[],uint256,uint256)
distributeCDD(address[],uint256,uint256)
distributeCHENDE(address[])
distributeCOMIKETCOIN(address[],uint256)
distributeCRTM(address[],uint256,uint256)
distributeCXGC(address[],uint256,uint256)
distributeCallback(uint256,address[])
distributeCallback(uint256,uint256)
distributeCallback(uint256,uint256,address[])
distributeCoins()
distributeCommission()
distributeContest()
distributeCore(uint256)
distributeCrowdsaleTokens(address,uint256)
distributeCrowdsaleTokens(address,uint256,uint256)
distributeDEXT(address[],uint256,uint256)
distributeDOGET(address[],uint256,uint256)
distributeDRMK(address[],uint256,uint256)
distributeDailyRewards()
distributeDecreaseAllowance(address[],uint256[])
distributeDividends()
distributeDividends(address,uint256,uint256)
distributeDividends(uint256)
distributeDivident(uint256)
distributeDonationTokens()
distributeEBTC(address[])
distributeEDNR(address[])
distributeEGOX(address[])
distributeELTC(address[])
distributeELTCLarge(address[])
distributeELTCMedium(address[])
distributeELTCSmall(address[])
distributeEPAL(address[])
distributeERG(address[],uint256,uint256)
distributeETH(address,uint256)
distributeETHOS(address[],uint256)
distributeETHP(address[])
distributeEbyte(address[],address,uint256,uint256,uint256)
distributeEbyteForEBYTE(address[],address,uint256,uint256)
distributeEbyteForETH(address[],uint256,uint256,uint256)
distributeEth(uint256,uint256)
distributeEther(address[])
distributeEthersToHolders(address[],uint256[])
distributeExcessBalance()
distributeFAITH(address[],uint256,uint256)
distributeFLY(address[])
distributeFUD(address[],uint256,uint256)
distributeFUDD(address[],uint256,uint256)
distributeFees(uint256)
distributeFlyers(address[])
distributeFrom(address,uint256)
distributeFund(address,uint256)
distributeFunds()
distributeGLAU(address[],uint256,uint256)
distributeGREEN(address[],uint256,uint256)
distributeHAT(address[],uint256,uint256)
distributeHAT2(address[],uint256,uint256)
distributeHNC(address[],uint256,uint256)
distributeHmc(address,uint256)
distributeICOTokens(address,uint256)
distributeIncreaseAllowance(address[],uint256[])
distributeInitialFunds()
distributeInvestorsTokens(address,uint256)
distributeJST(address[],uint256,uint256)
distributeJackpot(uint256)
distributeLCASH(address[],uint256,uint256)
distributeLCD(address[],uint256)
distributeLCE(address[],uint256,uint256)
distributeLCWP(address[],uint256)
distributeLCWP(address[],uint256,uint256)
distributeLPRewardsForMaggotRot()
distributeLRN(address[],uint256)
distributeLRNX(address[],uint256)
distributeLTCS(address[],uint256,uint256)
distributeLTCW(address[],uint256)
distributeLenderBot(address[],uint256,uint256)
distributeList(address[],uint256[])
distributeLock(address,uint256,uint8,uint256,uint256)
distributeLockOldToken(address[])
distributeMAGGIE(address[],uint256,uint256)
distributeMarketingShares()
distributeMars(address,address,address)
distributeMint(address[],uint256[])
distributeMintToken(address[],uint256[])
distributeMinting(address[],uint256[])
distributeMultiple(address[],uint256[])
distributeNIM(address[],uint256,uint256)
distributePBIT(address[],uint256,uint256)
distributePCY(address[],uint256,uint256)
distributePENT(address[],uint256,uint256)
distributePassiveIncome()
distributePenalty(uint256)
distributePool()
distributePreSoldShares()
distributePresale(address[],uint256[])
distributePresale(uint256,uint256)
distributePresaleTokens(address,uint256)
distributePrincipalRewards(address)
distributePuppyCoinCLarge(address[])
distributePuppyCoinMedium(address[])
distributePuppyCoinSmall(address[])
distributeRandomly(uint256)
distributeReserveSupply(uint256,address)
distributeReservedTokens()
distributeRevenue()
distributeReward(address)
distributeReward(address,address)
distributeReward(address,uint256)
distributeReward(address,uint256,uint256)
distributeReward(uint256)
distributeRewards()
distributeRewards(address,uint256)
distributeRewards(address[])
distributeRewards(address[],uint256[])
distributeRewards(uint256)
distributeSMILE(address[],uint256)
distributeSML(address[],uint256)
distributeSRNT(address[],uint256)
distributeSSENTE(address[])
distributeStakingRewards((address,uint256,bool)[])
distributeSupply()
distributeSupply(address,uint256)
distributeTCASH(address[])
distributeTEST(address[])
distributeTFC(address[],uint256,uint256)
distributeTKLN(address[],uint256)
distributeTheSameAmountOfTokens(address[],uint256)
distributeToAddresses()
distributeToDev(address,uint256)
distributeToFound(address,uint256)
distributeToken(address)
distributeToken(address,uint256)
distributeToken(address,uint256,uint256)
distributeToken(address[],uint256)
distributeToken(address[],uint256[])
distributeToken(string,address,uint256)
distributeToken(uint256,address[])
distributeTokenByAmount(address,uint256)
distributeTokenSale(uint256,uint256,uint256,uint256)
distributeTokenSaleJackpot(uint256,uint256)
distributeTokens()
distributeTokens(address,address,address,address,address,address)
distributeTokens(address,uint256)
distributeTokens(address,uint256,uint256)
distributeTokens(address[])
distributeTokens(address[],uint256)
distributeTokens(address[],uint256[])
distributeTokens(uint256)
distributeTokens(uint256,bool)
distributeTokens(uint256,uint256)
distributeTokens(uint256,uint256,uint256)
distributeTokensAfterIcoByOwner()
distributeTokensFlexSum(address[],uint256[])
distributeTransformedHex()
distributeTratok(address[],uint256[])
distributeVES(address[],uint256,uint256)
distributeVM(address[],uint256,uint256)
distributeVSN(address[],uint256)
distributeWithAmount(address[],uint256[])
distributeWithLockup(address,uint256,uint256,uint256)
distributeWithLockup(address,uint256,uint256,uint256,uint256)
distributeWithLockup(address,uint256,uint8)
distributeWithPolicy(address,uint256,uint8)
distributeXAIN(address[],uint256,uint256)
distributeXPDS(address[],uint256,uint256)
distributeXYZ(address[],uint256)
distributeYield(uint256)
distribute_100_tokens_to_many(address[])
distribute_private_sale_fund(address,uint256,uint256)
distribute_token()
distributed()
distributed(address)
distributed(uint16,address)
distributedAmount()
distributedAutonomousExchange()
distributedBonusStakes()
distributedBountyStakes()
distributedCount()
distributedFundariaStakes()
distributedReservedTokensDestinationsLen()
distributedRewards()
distributedSaleStakes()
distributedTeamStakes()
distributedToken()
distributedTokenCount()
distributedTokens()
distributedTotal()
distributed_passive_rewards()
distributeeBTG(address[])
distributeeBitcoinCashLarge(address[])
distributeeBitcoinCashMedium(address[])
distributeeBitcoinCashSmall(address[])
distributeeth(uint256)
distributeload(uint256)
distributing()
distribution()
distribution(address)
distribution(address,uint256)
distribution(address[])
distribution(address[],address,uint256,uint256,uint256,uint256,uint256)
distribution(address[],uint256)
distribution(address[],uint256[])
distribution(uint8,address[],uint256[],uint256[])
distributionAccumulator()
distributionAddress()
distributionAddresses(uint256)
distributionBalanceOf(address)
distributionClosed()
distributionComplete()
distributionCondition(address)
distributionContract()
distributionContract1()
distributionContract2()
distributionContract3()
distributionContract4()
distributionContract5()
distributionContractAddress()
distributionEndsAt()
distributionFinished()
distributionFinishing()
distributionFromToken(uint256,bool)
distributionMinter()
distributionOpen()
distributionPaused()
distributionPercent()
distributionPoolWallet()
distributionReward()
distributionSupply()
distributionTotalSupply()
distribution_ongoing()
distributions(uint256)
distributionteamFinished()
distributiontime()
distributionuserFinished()
distributor()
distributorPrincipal()
distributors(address)
distributors(uint256)
distributorsList(uint256)
dividendDistribution()
dividendDistributionDuration()
dividendDistributionEndTime()
dividendDistributionPool()
dividendDistributionRate()
dividendDistributionStartTime()
dividendDistributors(address)
dividendsDistributor()
editDistributed(address,uint256)
editWhitelist(address,bool)
emission_Whitelisted(address)
emitBlacklisted(address)
emitBlacklisterChanged(address)
emitUnBlacklisted(address)
enableBlacklist()
enableBlacklist(address[])
enableWhitelist()
enableWhitelist(address[])
enableWhitelist(uint8)
enableWhitelist(uint8,bool)
enableWhitelistLimit()
endDistribution()
ethPendingDistribution()
ethSentWhitelist()
feeDistribute(address,uint256)
feeDistribution()
feeDistribution(address,uint256,uint256)
feeDistributor()
feeDistributorAddress()
feeWhiteList()
feeWhitelist()
feeWhitelist(address)
fetchUndistributedProfit()
finishDistribute()
finishDistribution()
finishUserDistribution()
finishZeroDistribution()
foundationDistributed()
founderDeveloperWhitelistMember(address,bool)
gContractWhitelist(address)
gameDistributionRatio()
gameWhiteListOf(address)
getAllBlacklist()
getAllWhitelist()
getBackForBlacklist(address)
getBlackListStatus(address)
getBlacklist()
getBlacklist(uint256)
getBlacklistByUser(address)
getBlacklistLength()
getBlacklistedAddressAt(uint256)
getBlacklistedAddresses()
getBlacklistedAddressesCount()
getBlacklistedCount()
getBlacklistedStatus(address)
getBlacklistedsLength()
getCurrentFeeDistribution()
getDeleteWhitelist(address)
getDistributedAmount()
getDistributedToken()
getDistributionTime()
getDistributor()
getDistributorAddress()
getFeeDistribution()
getFundDistributionPercentage(string)
getGlobalDistributionTimestamp()
getHowManyLeftToDistribute(uint256)
getIsBlacklisted(address)
getIsWhitelistEnabled()
getLGEWhitelistRound()
getLastDistributionTimestamp()
getLastDistributionTimestampWithAddress(address)
getMintWhitelist(uint256)
getMintWhitelistLength()
getNonRevocableWhitelistAdmin()
getPayoutDistributionHash()
getPendingFeeDistribution()
getPendingFeeDistributionTime()
getPoolWhiteLists()
getRemainingDistribution(string)
getRewardDistribution(uint256)
getRewardDistributor()
getTokenDistributionContract()
getTokenDistributionPercentage(string)
getUndistributedBalanceOf(address,uint256)
getWeeklyDistribution()
getWhiteListStatus(address)
getWhiteListedAddresses()
getWhitelist()
getWhitelist(address)
getWhitelistAddress()
getWhitelistAt(uint256)
getWhitelistContract()
getWhitelistCount()
getWhitelistData(address)
getWhitelistEnable()
getWhitelistLimit(address)
getWhitelistPending()
getWhitelistRule()
getWhitelistStatus(address)
getWhitelistToUserTotal(uint8,address)
getWhitelistTotal()
getWhitelisted()
getWhitelistedAddressStatusFromIndex(uint256)
getWhitelistedAddresses()
getWhitelistedPoolConfigBlacklistedAddresses(address)
getWhitelistedPoolConfigBuyRewardsFactor(address)
getWhitelistedPoolConfigRewardsToken(address,uint256)
getWhitelistedPoolConfigRewardsTokenRewardEscrow(address,uint256)
getWhitelistedPoolConfigRewardsTokenRewardsFactor(address,uint256)
getWhitelistedPoolConfigSellRewardsFactor(address)
getWhitelistedPoolConfigValid(address)
getWhitelistedsLength()
getbalanceOfDividendDistributorAtDistributionTimestamp()
getblacklistHistory()
globalWhitelistState()
govSetContractWhiteList(address,uint256)
govSetWhitelistBaseAmt(uint256)
govSetWhitelistToken(address,uint256)
grantBonusWhitelistMulti(address[])
hasDistribute()
hasWhiteList()
ico_distribution(address,uint256)
inAnyWhiteList(address)
inAppTokenDistribution(address,uint256)
inBlacklist(address)
inWhiteList(address)
inWhiteList(uint256,address)
inWhitelist(address)
incentiveDistributed()
incentiveDistributionDate()
incentiveDistributionInterval()
incentiveDistributionMaxRounds()
incentiveDistributionRound()
incentiveDistributionRoundDenominator()
incentiveDistributionStarted()
includeWhiteList(address)
initDistribution(address,uint256)
initFundDistribution()
initialDistribution(address[],uint256[])
initialDistributionAddress()
initialDistributionDone()
initialFundDistributed()
initializeWhitelist(address)
initializedWhitelistableUpgrade()
instructOracleToDistribute(uint256)
interestDistribution()
investorWhitelist(address)
investorWhitelistLUT(uint256)
isAddressWhitelist(address)
isAddressWhitelisted(address)
isAddressWhitelistedFrom(address)
isAddressWhitelistedTo(address)
isBlackList(address)
isBlackListUser(address)
isBlackListed(address)
isBlackLister(address)
isBlacklist(address)
isBlacklist(address,uint256)
isBlacklistAdmin(address)
isBlacklistEnabled()
isBlacklistable()
isBlacklisted()
isBlacklisted(address)
isBlacklistedAddress(address)
isBlacklister(address)
isDistributed()
isDistributed(address)
isDistributionTransferred()
isDistributor(address)
isInBlackList(address)
isInBlacklist(address)
isInTransferWhitelist(address)
isInWhiteList(address)
isInWhitelist(address)
isInterWhitelistTransfer(address,address)
isIntraWhitelistTransfer(address,address)
isInvestorInWhiteList(address)
isMintAddressWhitelisted(address)
isMintWhitelisted(address)
isNonRevocableWhitelistAdmin(address)
isNotBlacklisted(address)
isOnWhitelist(address)
isPoolWhiteListed(address)
isTransferWhitelistOnly()
isTransferWhitelisted(address)
isTxWhiteListedForTax(address,address)
isUserInBlackList(address)
isWhiteList(address)
isWhiteListDisabled()
isWhiteListOnly()
isWhiteListed(address)
isWhiteListedTransfer(address,address)
isWhitelist(address)
isWhitelist(address,uint256)
isWhitelistAddress(address)
isWhitelistAdmin(address)
isWhitelistAdminExists(address)
isWhitelistCfo(address)
isWhitelistEnabled()
isWhitelistd(address)
isWhitelisted()
isWhitelisted(address)
isWhitelisted(uint256,address,uint256,bytes32[])
isWhitelistedAddress(address)
isWhitelistedBetaDelegate(address)
isWhitelistedModeActive()
isWhitelistedSender(address)
isWhitelistedUser(address)
isWhitelister(address)
isWhitelisting()
is_whitelisted(address)
isblacklistedAccount(address)
labDistributed()
lastDistribution()
lastDistributionEpoch()
lastPremiumDistributionAmount()
lastPremiumDistributionEpoch()
liquidatorWhiteList()
listDistributionData()
lockAndDistributeTokens(address,uint256,uint256,uint256)
manualDistributeETH()
marketDistributed()
marketDistributionFund()
marketDistributionPercentage()
massChangeRegistrationStatusForGoldWhiteList(address[],bool)
massChangeRegistrationStatusForSilverWhiteList(address[],bool)
maxAllowedManualDistribution()
merkleDistributor()
mintByWhitelist(address,uint256)
mintWhitelist(address)
mintWhitelistLength()
modifyBlacklistAddress(address,bool,bool,bool)
modifyLGEWhitelist(uint256,uint256,uint256,address[],bool)
modifyWhiteList(address[],bool)
modifyWhitelistMultiple(address[],bool)
multiDistribute(uint256[])
multiDistributeAdviserBounty(uint256[],bool)
multiSetWhiteList(uint256[])
multiSetWhiteListRecords(address[],bool,int128)
multiTransferWithWhiteListAdd(address[],uint256)
multiWhitelistAdd(address[])
multiWhitelistRemove(address[])
multipleTokensDistribution(address[])
needWhitelist()
nextDistribution()
nextDistributionIndex()
nextDistributionTimestamp()
nextDistributions(address)
noLockWhitelist(address)
nonWhiteListed(bytes4)
nonWhitelistedDustThreshold()
numAUMDistributedInvestors()
numDistributions()
numDistributionsRemaining()
numberOfWhitelists()
numberWhitelisted()
onWhiteList(address)
onWhitelist(address)
onlyWhitelist()
onlyWhitelisted()
onlyWhitelistedOff()
onlyWhitelistedOn()
openDistribution()
openDistributionContract()
outboundWhitelistsEnabled(uint8,uint8)
partialDistributeDivident(uint256,address[])
passUndistributedEther()
pauseWhitelist(address)
pauseWhitelist(address,bool)
payPegDistribution(address,uint256)
payoutLargeRedistribution()
payoutLargeRedistribution(uint256)
payoutMediumRedistribution()
payoutMediumRedistribution(uint256)
payoutSmallRedistribution(uint256)
payoutSmallRedistribution(uint256,uint256,uint256)
pendingWhiteListAdmin()
pendingWhitelistRequests()
platformDistributed()
poolWhiteList(address)
populateWhitelisted(address[],uint256[])
preIcoDistribution(address,uint256,uint256)
preMarketingSharesDistributed()
preSaleDistributionContract()
preSaleWhitelist(uint256)
preSoldSharesDistributed()
premineDistributionPool()
premiumDistributionDeltas(uint256)
prepareDistribution(uint256)
prepareDistributionPrecise(uint256,uint256,uint256)
presaleWhitelist(address)
presaleWhitelistDiscount()
presaleWhitelistTokensLimit()
previousDistribution()
previousRewardDistributionTimestamp()
privateOfferingDistributionAddress()
privatePresaleDistributed()
processWhitelistProposal(uint256)
profitDistributor()
profitsDistributed(bytes32)
profitsDistributedFarmers(bytes32)
proposeFeeDistribution(uint256,uint256,uint256,uint256)
proposedToWhitelist(address)
proxyContractAddressBlacklist(address)
publicFundingWhiteList(address)
publiclyDistributedParts()
purchaseCallbackOnAcceptAndDistribute(uint256,address[],uint256[])
pushWhitelist(address[],address[])
putIntoBlacklist(address)
queryBlacklist(address)
rariGovernanceTokenDistributor()
reDistribution()
receiveBlacklist(address)
receiveWhiteList(address)
receiveWhitelist(address)
recipientWhitelist(address)
recipientWhitelistEnabled()
recipientWhitelisted(address)
redemptionPercentageOfDistribution()
redistribute(address)
redistribute(address[])
redistributeLapsedAccount(address)
redistributeUnclaimed(uint256)
redistributedFees()
redistributionTimeout()
reentrancyWhitelist(address)
regWhitelist(address)
registerBlacklist(address)
registerToBlacklist(address)
registerWhitelist(address,address)
regulatorWhitelist(address)
removalBlackList(address)
remove1stWhiteList(address)
remove2ndWhiteList(address)
removeAccountWhitelist(address)
removeAddWhitelistPermission(address)
removeAddressFromBlacklist(address)
removeAddressFromPartnerWhiteList(address)
removeAddressFromPrivateWhiteList(address)
removeAddressFromWhiteList(address)
removeAddressFromWhitelist(address)
removeAddressesFromBlacklist(address[])
removeAddressesFromWhitelist(address[])
removeBlackList(address)
removeBlackListAddress(address)
removeBlackListed(address)
removeBlackLists(address[])
removeBlacklist(address)
removeBlacklist(address[])
removeBlacklistAddress(address)
removeBlacklistAdmin(address)
removeBlacklistItem(address)
removeBlacklisted(address)
removeBlacklisted(address[])
removeBlacklistedUser(address)
removeBlacklister(address)
removeBotFromBlackList(address)
removeBotFromBlacklist(address)
removeBulkWhitelist(address[])
removeCallSpenderWhitelist(address)
removeContractFromTokenFallbackWhiteList(address)
removeDistributor(address)
removeFromBlackList(address)
removeFromBlacklist(address)
removeFromBlacklist(address[])
removeFromBlacklist(uint256)
removeFromLockWhitelist(address)
removeFromMintWhitelist(address)
removeFromPresaleWhitelist(address)
removeFromTaxWhitelist(address)
removeFromTransferBlacklist(address)
removeFromTransferFromBlacklist(address)
removeFromTransferWhitelist(address)
removeFromTransferWhitelist(bool,address)
removeFromWhiteList(address)
removeFromWhiteList(address[])
removeFromWhiteList(uint256,address)
removeFromWhiteList(uint8,address)
removeFromWhitelist(address)
removeFromWhitelist(address,bytes32)
removeFromWhitelist(address[])
removeFromWhitelist(uint8,address)
removeFromWhitelistBatch(address[])
removeFromWhitelistBulk(address[])
removeFromWhitelistInBulk(address[])
removeFromWhitelistSingle(address)
removeFromblacklist(address)
removeInvestorFromWhiteList(address)
removeListFromBlacklist(address[])
removeListFromWhiteList(address[])
removeListFromWhitelist(address[])
removeManyFromWhitelist(address[])
removePermBalanceToWhitelist(address)
removeReceiveWhiteListAddress(address)
removeReceiverBurnWhitelist(address)
removeRecipientFromWhitelist(address)
removeReentrancyWhitelist(address)
removeRemoveWhitelistPermission(address)
removeSenderBurnWhitelist(address)
removeSenderFromWhitelist(address)
removeToBlackList(address)
removeTokenFromBlackList(uint256)
removeTransferAndCallWhitelist(address)
removeTransferWhiteListAddress(address)
removeUserFromBlackList(address)
removeUserFromBlacklist(address)
removeWhiteList(address)
removeWhiteListAddress(address)
removeWhiteListTransfer(address)
removeWhiteListed(address)
removeWhiteListedContracts(address)
removeWhitelist(address)
removeWhitelist(address[])
removeWhitelistAddress(address)
removeWhitelistAdmin(address)
removeWhitelistCfo(address)
removeWhitelistPermission(address)
removeWhitelistTransfer(address)
removeWhitelisted()
removeWhitelisted(address)
removeWhitelisted(address[])
removeWhitelistedAccount(address)
removeWhitelistedAddress(address)
removeWhitelistedLiquidityProvider(address)
removeWhitelistedSender(address)
removeWhitelistedTransfer(address)
removeWhitelistedTransfer(address[])
removeWhitelister(address)
removeZeroWhiteList(address)
removeblackList(address)
removedWhiteListAddressesLog()
removefromWhitelist(address)
removefromblacklist(address)
renounceBlackLister()
renounceBlacklistAdmin()
renounceBlacklisted()
renounceDistributor()
renounceFeeWhitelist()
renounceWhitelist()
renounceWhitelistAdmin()
renounceWhitelistCfo()
renounceWhitelisted()
renounceWhitelister()
requestFreeDistribution()
reserveDistribute()
reservedTokensDistributed()
resetWhitelist()
revenueShareDistribution(address)
reverseSplitTokensAfterDistribution(uint256)
reverseSplitTokensBeforeDistribution(uint256)
reverseWhitelistAll()
revokeBlacklistLock(address)
revokeWhitelist(address)
revokeWhitelistAdmin(address)
rewardAvailableCurrentDistribution()
rewardDistribution()
rewardDistribution(address)
rewardDistributionPercent()
rewardDistributor()
rewardPoolDistributed()
rewardsDistribution()
rewardsDistributor()
saleDistributionMultiAddress(address[],uint256[])
saleDistributorAddress()
saveRevenueShareDistribution(address,uint256)
seeWhitelist(address)
sendBlacklist(address)
sendWhitelist(address)
senderWhitelist(address)
setAddrTransferWhitelist(address,bool)
setAddressBlacklist(address,bool)
setAllowTransferWhitelist(bool)
setAmountToDistribute(uint256)
setAutoWhitelistedTo(address,bool)
setBatchWhitelisted(address[],bool)
setBetaDelegateWhitelister(address)
setBlackList(address,bool)
setBlackList(address,uint256)
setBlackList(address[])
setBlackList(address[],bool[])
setBlackList(bool,address)
setBlackListAddress(address,bool)
setBlackListBot(address)
setBlackListBot(address,address)
setBlacklist(address)
setBlacklist(address,bool)
setBlacklistBulk(address[],bool)
setBlacklistEnabled(bool)
setBlacklistStore(address)
setBlacklistUnlock(bool)
setBlacklistable()
setBlacklisted(address,bool)
setBlacklistedLottery(address,bool)
setBonusWhitelist(address,bool)
setBountyDistributionContract(address)
setBurnWhiteList(address,bool)
setBurnWhitelistFromAddress(address,bool)
setBurnWhitelistToAddress(address,bool)
setCrossForkDistribution(address)
setDebaseWhitelist(address,bool)
setDelayWhitelist(bool)
setDistributeAgent(address)
setDistributeAgent(address,bool)
setDistributeAmount(uint256)
setDistributePenaltyEarning(bool)
setDistributedAutonomousExchange(address)
setDistribution(uint256,uint256,uint256,uint256)
setDistributionAddress(address)
setDistributionAddresses(address,address)
setDistributionContract(address)
setDistributionCriteria(uint256,uint256)
setDistributionMinter(address)
setDistributionPaused(bool)
setDistributionPercent(uint256)
setDistributionPercentage(uint256,uint256,uint256)
setDistributionPermissions(address,bool)
setDistributionSize(uint256)
setDistributionTeamsAddresses(address,address,address,address,address,address,address,address,address)
setDistributionTime(string)
setDistributor(address)
setDistributor(address,address)
setDistributor(address,bool)
setDistributor(address,bool,uint256)
setDistributorAddress(address)
setDistributorAmount(address,bool,uint256)
setDistributorSettings(uint256)
setDividendDistributionPool(address)
setDividendsDistributor(address)
setDividendsDistributor(address,bool)
setFeeDistribution(address)
setFeeDistribution(uint16,uint16,uint16)
setFeeDistribution(uint256,uint256,uint256,uint256)
setFeeDistributor(address)
setFeeDistributor(address,uint256,uint256)
setFeeDistributorAddress(address)
setFeeToDistribute(uint256)
setFromWhitelistAddress(address,bool)
setFullSenderWhitelist(address,bool)
setGlobalWhitelist(bool)
setGovernanceTokenDistributor(address,bool)
setHarvestWhiteList(address,bool)
setImmatureRecipentWhitelist(address,bool)
setIsBlacklisted(address,bool)
setIsWhitelistEnabled(bool)
setLockableDistributionContract(address)
setMaxDistributions(uint256)
setMaxWhitelistedUsers(uint256)
setNeedWhitelisting(bool)
setNoLockWhitelist(address[],bool[])
setNoVestingWhitelist(address,bool)
setNonRevocableWhitelistAdmin(address)
setNonWhitelistedDustThreshold(uint256)
setNutDistributor(address)
setOwnerFeeDistributor(address)
setPayerWhitelistingStatus(address,bool)
setProfitDistributor(address)
setReceiveBlacklist(address,bool)
setRecipientWhitelistEnabled(bool)
setRecipientWhitelisted(address,bool)
setResellerOnDistributionContract(address,address)
setRewardDistribution(address)
setRewardDistribution(address[],bool)
setRewardDistributionPercent(uint256)
setRewardDistributor(address)
setRewardFeeDistributor(address)
setRewardsDistribution(address)
setRewardsDistributor(address)
setSendBlacklist(address,bool)
setToWhitelistAddress(address,bool)
setTokenDistributionContract(address)
setTokenDistributionEvent(address)
setTokenDistributionPool(address)
setTotalWeiToBeDistributed(uint256)
setTradingBlackListBot(address,address)
setTransferFromWhiteList(address,bool)
setTransferWhitelist(address)
setTransferWhitelist(address,bool)
setUseWhitelistFlag(bool)
setUserWhiteListContract(address,bool)
setWhiteList(address)
setWhiteList(address,bool)
setWhiteList(address,uint256)
setWhiteList(address[])
setWhiteList(address[],bool[])
setWhiteList(address[],uint256[])
setWhiteListAddress(address)
setWhiteListAddresses(address)
setWhiteListContract(address,bool)
setWhiteListRecord(address,bool,int128)
setWhiteListState(bool)
setWhiteListStatus(bool)
setWhiteListUser(address,bool)
setWhiteListed(address)
setWhiteLister(address)
setWhitelist(address)
setWhitelist(address,bool)
setWhitelist(address,bool,string)
setWhitelist(address,uint256)
setWhitelist(address,uint8)
setWhitelist(address[])
setWhitelist(bool)
setWhitelistAddress(address)
setWhitelistAddress(address,bool)
setWhitelistAgent(address)
setWhitelistAndLock(address[])
setWhitelistContract(address)
setWhitelistEnable(uint8)
setWhitelistEnabled(bool)
setWhitelistExpiration(uint256)
setWhitelistForBulk(address[],bool)
setWhitelistIn(address,bool)
setWhitelistModerator(address,uint8)
setWhitelistOut(address,bool)
setWhitelistRule(bytes1)
setWhitelistStageStartTimestamp(uint256)
setWhitelistStageTokensForSale(uint256)
setWhitelistStatus(address,bool)
setWhitelistStatus(bool)
setWhitelistTransfer(address,bool)
setWhitelistUnlock(bool)
setWhitelisted(address,bool)
setWhitelistedClaimToken(address,bool)
setWhitelistedFrom(address,bool)
setWhitelistedOnly(bool)
setWhitelistedRebase(address,bool)
setWhitelistedRecipient(address,bool)
setWhitelistedRecipients(address,bool)
setWhitelistedResupplier(address,bool)
setWhitelistedSender(address,bool)
setWhitelistedSenders(address,bool)
setWhitelistedTo(address,bool)
setWhitelistedTransferer(address,bool)
setWhitelister(address)
setWhitelisting()
setWhitelisting(bool)
setWhitelistingMode(bool)
setWhitelists(address,bool,bool,bool)
setupWhitelist(address)
setwhitelistaddr(address,address)
sheriffsPotDistribution()
shouldDistributeDAI()
shouldWhitelist()
showBlackListStatus(address)
signalDoneDistributing(uint256)
splitTokensAfterDistribution(uint256)
splitTokensBeforeDistribution(uint256)
stakeWithFeeRewardDistribution(uint256,address,uint256)
stampingWhitelist(address)
startDistribution()
startDistribution(uint256)
startDividendDistribution()
startIncentiveDistribution()
startPrivatePresaleDistribution()
startPublicPresaleDistribution()
startStopBlacklist()
startTeamDistribution()
startTokenDistribution()
stopWhitelistReservetion()
strategiesWhitelist()
submitWhitelistProposal(address,bytes32)
swapWithFeeRewardDistribution(uint256,address,uint256)
switchWhitelistFeature(bool)
taxWhitelist(address)
teamDistribute()
teamDistributed()
teamTokensNotDistributed()
three_days_distribution()
timeOfLastDistribution()
toBeDistributedFree()
toggleBlackList(address)
toggleBlacklistedAddress(address)
toggleFunctionWhiteListing(bytes4)
toggleIsWhiteListOnly()
toggleOpenWhitelist(bool)
toggleWhiteList(address)
toggleWhitelist()
toggleWhitelist(address,bool)
toggleWhitelisting(bool)
tokenDistribution()
tokenDistributionDuration()
tokenDistributionEndTime()
tokenDistributionPool()
tokenDistributionStartTime()
tokenDistributor()
tokenFallbackWhiteList(address)
tokenFromDistribution(uint256)
tokenHasDistributed()
tokenWhitelist(address)
tokensDistributed()
tokensDistributedCrowdsale()
tokensDistributedPresale()
tokensDistributedToContributors()
tokensSoldWhitelist()
totalBlacklist()
totalDistributed()
totalDistributedAirdrop()
totalDistributedIn(uint16)
totalDistributedi()
totalDistributedinWei()
totalDistributedr()
totalEthDistributed()
totalFreeTokensDistributed()
totalIcoDistributed()
totalPoolWhiteListed()
totalPrivatePresaleDistribution()
totalRewardsDistributed()
totalTeamDistribution()
totalTokenDistribution()
totalTransferWhitelistMapping()
totalWeiToBeDistributed()
totalWhiteListed()
totalWhitelistedAdd()
transferAndCallWhitelist(address)
transferBlackListFunds(address,address)
transferBlacklist(address)
transferBlacklisted(address)
transferDistribution(address,uint256)
transferDistributorship(address)
transferFromBlacklist(address)
transferFromBlacklisted(address,address,uint256)
transferFromWhiteList(address)
transferOutBlacklistedFunds(address[])
transferToDistributors(address,uint256)
transferWhiteList()
transferWhiteList(address)
transferWhitelist(address)
transferWhitelistAdmin(address)
transferWhitelisted(address)
transferWhitelister(address)
turnOffWhitelisting()
unBlackList(address)
unBlacklist(address)
unBlacklistAccount(address)
unBlacklistMultipleWallets(address[])
unBlacklistSingleWallet(address)
unUsedWhitelist()
unWhitelist(address)
unblacklist(address)
unblacklistTarget(address)
undistributedAddress()
undistributedTfusdRewards()
unregisterBlacklist(address)
unregisterFromBlacklist(address)
unregisterWhitelist(address)
unsetBlacklistable()
unsetWhitelist(address)
unsetWhitelisting()
unwhitelist(address)
unwhitelistBetaDelegate(address)
unwhitelistContract(address)
unwhitelistOnEmission(address)
updateBlackList(address,bool)
updateBlackList(address,uint256)
updateBlackLister(address)
updateBlacklist(address)
updateBlacklist(address,bool)
updateBlacklist(address,uint256,bool)
updateBlacklist(address[],bool)
updateBlacklist(address[],uint256[],bool)
updateBlacklister(address)
updateDistributionContract(address)
updateOutboundWhitelistEnabled(uint8,uint8,bool)
updateTaxDistributor(address)
updateWhiteList(address,bool)
updateWhitelist(address)
updateWhitelist(address,bool)
updateWhitelist(address,string,bool)
updateWhitelist(address[],bool)
updateWhitelist(address[],uint256[],bool)
updateWhitelisted(address[],uint256[])
updateWhitelistedPool(address,bool,uint256,uint256,address[],address[],uint256[],address[])
upgradeNextDistribution(address[],uint256[])
useWhitelist()
useWhitelistFlag()
usedWhitelist()
userWhiteListContracts(address,address)
vestingWhitelister()
viewWhitelisted(address)
viewwhiteliststatus(address)
vipPlacementNotDistributed()
weiDistributed()
weiToDistribute()
whiteList()
whiteList(address)
whiteList(uint256)
whiteList1st(address)
whiteList2nd(address)
whiteListAddress()
whiteListAddress(address,uint256)
whiteListAdmin()
whiteListContract(address)
whiteListContracts(address)
whiteListEnable()
whiteListLimit()
whiteListMinAmount()
whiteListOf(address)
whiteListOperator(address,bool)
whiteListSize()
whiteListTime()
whiteListToken(address,bool)
whiteListTokenAddress(address[])
whiteListTransfer(address)
whiteListTransfer(address,bool)
whiteListTransfer(uint256)
whiteListTransferLen()
whiteListUsers(address)
whiteListZero(address)
whiteListed(address)
whiteListedForTax(address)
whiteLister()
whiteListingContract()
whiteLists(address)
whitelist()
whitelist(address)
whitelist(address,bool)
whitelist(address[])
whitelist(address[],bool,bool,bool,bool)
whitelist(bool)
whitelist(uint256)
whitelist(uint256,address)
whitelist2()
whitelistAccount(address)
whitelistAccount(address,bool)
whitelistAccount(address,uint256)
whitelistActive()
whitelistAdd(address)
whitelistAddr(address,bool)
whitelistAddress()
whitelistAddress(address)
whitelistAddress(address,bool,uint256)
whitelistAddress(address,uint8)
whitelistAddress(address[])
whitelistAddressArray(address[])
whitelistAddressFromTransferFees(address)
whitelistAddresses(address)
whitelistAddresses(address[])
whitelistAddresses(uint256)
whitelistAdmins(address)
whitelistAgent()
whitelistAll()
whitelistAllAddresses()
whitelistArb(address)
whitelistArray(uint256)
whitelistBetaDelegate(address)
whitelistBot(address)
whitelistBurnFrom(address,uint256)
whitelistContract()
whitelistContract(address)
whitelistControl()
whitelistController()
whitelistCounter()
whitelistEnabled()
whitelistExpiration()
whitelistForBurn()
whitelistFrom(address)
whitelistInvestor(address)
whitelistIsActive()
whitelistLength()
whitelistLiquidityProvider(address)
whitelistManager()
whitelistManagerAddress()
whitelistMany(address[])
whitelistManyUsers(address[])
whitelistManyUsers(address[],bool)
whitelistMine(uint256)
whitelistOnEmission(address)
whitelistOnly()
whitelistOperator(address,bool)
whitelistPayee(address)
whitelistProxy()
whitelistRebase(address)
whitelistReferee(address)
whitelistReferrals(address)
whitelistReferralsCount(address)
whitelistRemove(address)
whitelistResupplier(address)
whitelistStageIsStarted()
whitelistStageStartTimestamp()
whitelistStageTokensForSale()
whitelistTo(address)
whitelistToggle()
whitelistTokens()
whitelistTransfer(address)
whitelistTransferFrom(address,address,uint256)
whitelistTransferPrimordialFrom(address,address,uint256)
whitelistTransferer(address)
whitelistUnlocked()
whitelistUser(address)
whitelistUser(address,bool)
whitelistUserForTransfers(address)
whitelist_pool(address,address,uint256)
whitelistaddress(address)
whitelistaddressForClaim(address[],uint256[])
whitelistadmin()
whitelisted()
whitelisted(address)
whitelisted(uint256)
whitelistedAccount(address)
whitelistedAddress(address)
whitelistedAddresses(address)
whitelistedBeforeActivation(address)
whitelistedBurn(address)
whitelistedClaimTokens(address)
whitelistedContract()
whitelistedContract(address)
whitelistedContributors(address)
whitelistedDapps(address)
whitelistedDeposited(address)
whitelistedFeePayers(address)
whitelistedPools(address)
whitelistedRecipients(address)
whitelistedSenders(address)
whitelistedSupply()
whitelistedTransfer(address)
whitelistedTransferer(address)
whitelistedTransfererForIndex(uint256)
whitelistedWithdraw(uint256)
whitelisteds(uint256)
whitelisting()
whitelisting(address)
whitelistingActive()
whitelistingEnabled()
whitelistingMode()
whitelistingStage()
whitelistingStatus()
whitelists(address)
whitelists(address[])
wipeBlacklistedAccount(address)
withdrawWithoutDistribution(address)
withdrawWithoutDistribution(address,uint256)
